name,codons,weight,3_letter_code,1_letter_code,formula,formula_weight,isoelectric_point,type
Alanine,"['GCT', 'GCC', 'GCA', 'GCG']",89.1,ALA,A,C3H7N1O2,89.09,6.0,aliphatic
Arginine,"['CGT', 'CGC', 'CGA', 'CGG', 'AGA', 'AGG']",174.2,ARG,R,C6H14N4O2,174.2,11.15,polar basic
Asparagine,"['AAT', 'AAC']",132.1,ASN,N,C4H8N2O3,132.12,5.41,polar neutral
Cysteine,"['TGT', 'TGC']",121.2,CYS,C,C3H7N1O2S1,121.16,5.02,polar neutral
Glutamine,"['CAA', 'CAG']",146.2,GLN,Q,C5H10N2O3,146.15,5.65,polar neutral
Glycine,"['GGT', 'GGC', 'GGA', 'GGG']",75.1,GLY,G,C2H5N1O2,75.07,5.97,unique
Histidine,"['CAT', 'CAC']",155.2,HIS,H,C6H9N3O2,155.16,7.47,polar basic
Isoleucine,"['ATT', 'ATC', 'ATA']",131.2,ILE,I,C6H13N1O2,131.17,5.94,aliphatic
Leucine,"['TTA', 'TTG', 'CTT', 'CTC', 'CTA', 'CTG']",131.2,LEU,L,C6H13N1O2,131.17,5.98,aliphatic
Lysine,"['AAA', 'AAG']",146.2,LYS,K,C6H14N2O2,146.19,9.59,polar basic
Methionine,['ATG'],149.2,MET,M,C5H11N1O2S1,149.21,5.74,aliphatic
Phenylalanine,"['TTT', 'TTC']",165.2,PHE,F,C9H11N1O2,165.19,5.48,aromatic
Proline,"['CCT', 'CCC', 'CCA', 'CCG']",115.1,PRO,P,C5H9N1O2,115.13,6.3,unique
Serine,"['TCT', 'TCC', 'TCA', 'TCG', 'AGT', 'AGC']",105.1,SER,S,C3H7N1O3,105.09,5.68,polar neutral
Threonine,"['ACT', 'ACC', 'ACA', 'ACG']",119.1,THR,T,C4H9N1O3,119.12,5.64,polar neutral
Tryptophan,['TGG'],204.2,TRP,W,C11H12N2O2,204.23,5.89,aromatic
Tyrosine,"['TAT', 'TAC']",181.2,TYR,Y,C9H11N1O3,181.19,5.66,aromatic
Valine,"['GTT', 'GTC', 'GTA', 'GTG']",117.1,VAL,V,C5H11N1O2,117.15,5.96,aliphatic
